product_id,store,stock,supplier,restock_date
27152,Brooklyn,29,BrandZ,2025-06-26
10469,Chicago,21,BrandZ,2025-06-25
17169,Brooklyn,23,BrandZ,2025-06-26
56702,Chicago,36,BrandZ,2025-06-21
47062,SoHo,2,BrandY,2025-06-21
16035,San Jose,21,BrandX,2025-06-27
49783,San Jose,22,BrandX,2025-06-27
2265,SoHo,49,BrandZ,2025-06-26
18578,Brooklyn,42,BrandZ,2025-06-29
3071,San Jose,47,BrandY,2025-06-18
42020,Chicago,3,BrandX,2025-06-18
7069,Brooklyn,21,BrandX,2025-06-22
11304,San Jose,4,BrandX,2025-06-27
16491,San Jose,9,BrandY,2025-06-20
14041,San Jose,20,BrandZ,2025-06-27
14372,Brooklyn,44,BrandX,2025-06-23
57993,Brooklyn,35,BrandY,2025-06-16
24589,Chicago,40,BrandY,2025-06-29
11580,San Jose,42,BrandY,2025-06-28
3989,Brooklyn,18,BrandY,2025-06-27
19430,San Jose,10,BrandY,2025-06-19
24458,San Jose,31,BrandZ,2025-06-23
9826,San Jose,23,BrandX,2025-06-29
14713,Chicago,21,BrandX,2025-06-17
26594,Brooklyn,24,BrandY,2025-06-24
6519,Chicago,45,BrandX,2025-06-28
20755,Brooklyn,45,BrandX,2025-06-24
6654,Brooklyn,9,BrandX,2025-06-27
21896,Chicago,24,BrandZ,2025-06-26
19663,Brooklyn,17,BrandZ,2025-06-18
29166,SoHo,5,BrandY,2025-06-22
14531,San Jose,41,BrandZ,2025-06-24
39841,Chicago,12,BrandY,2025-06-16
53124,Chicago,23,BrandY,2025-06-23
34172,SoHo,35,BrandY,2025-06-26
9345,Brooklyn,1,BrandZ,2025-06-20
14650,Brooklyn,14,BrandZ,2025-06-16
53412,SoHo,26,BrandZ,2025-06-29
34295,Brooklyn,27,BrandX,2025-06-25
24599,San Jose,13,BrandZ,2025-06-22
48387,SoHo,32,BrandY,2025-06-20
23157,Brooklyn,39,BrandX,2025-06-26
38974,SoHo,36,BrandX,2025-06-22
44309,Brooklyn,22,BrandY,2025-06-25
1983,SoHo,6,BrandY,2025-06-29
47642,Brooklyn,28,BrandX,2025-06-22
51214,San Jose,33,BrandX,2025-06-24
14720,Brooklyn,13,BrandX,2025-06-18
22244,Brooklyn,6,BrandZ,2025-06-24
14325,San Jose,37,BrandX,2025-06-18
34198,San Jose,44,BrandZ,2025-06-26
35808,San Jose,32,BrandX,2025-06-19
16522,SoHo,49,BrandY,2025-06-19
11323,Chicago,39,BrandY,2025-06-18
9594,SoHo,37,BrandX,2025-06-23
23945,SoHo,49,BrandY,2025-06-17
39287,Chicago,23,BrandX,2025-06-16
19051,SoHo,19,BrandY,2025-06-17
32379,SoHo,44,BrandY,2025-06-21
47548,Chicago,4,BrandZ,2025-06-26
56891,Chicago,17,BrandZ,2025-06-21
19787,Chicago,5,BrandY,2025-06-21
39242,San Jose,11,BrandZ,2025-06-16
51810,SoHo,6,BrandX,2025-06-18
50876,Chicago,36,BrandZ,2025-06-25
9984,Brooklyn,19,BrandZ,2025-06-19
59663,SoHo,33,BrandZ,2025-06-17
4313,Chicago,1,BrandZ,2025-06-27
22366,SoHo,25,BrandY,2025-06-22
4339,Brooklyn,30,BrandY,2025-06-18
17495,Brooklyn,16,BrandY,2025-06-24
56226,Chicago,49,BrandY,2025-06-16
17747,Chicago,12,BrandX,2025-06-20
26292,Chicago,9,BrandX,2025-06-18
4090,Brooklyn,48,BrandZ,2025-06-19
24461,Chicago,33,BrandZ,2025-06-16
16553,Chicago,36,BrandY,2025-06-23
13966,Chicago,35,BrandY,2025-06-24
11464,Brooklyn,25,BrandX,2025-06-17
36223,Chicago,46,BrandY,2025-06-17
34403,San Jose,35,BrandX,2025-06-24
47244,Chicago,33,BrandX,2025-06-29
42653,SoHo,48,BrandZ,2025-06-18
1549,SoHo,33,BrandZ,2025-06-18
16171,San Jose,22,BrandY,2025-06-29
44914,San Jose,38,BrandX,2025-06-18
10823,San Jose,8,BrandZ,2025-06-26
33313,San Jose,21,BrandY,2025-06-16
8556,Chicago,47,BrandX,2025-06-20
52380,Chicago,48,BrandZ,2025-06-19
11554,Brooklyn,49,BrandX,2025-06-27
16206,Chicago,30,BrandX,2025-06-29
33576,SoHo,6,BrandZ,2025-06-27
13657,SoHo,37,BrandX,2025-06-16
4156,San Jose,31,BrandZ,2025-06-27
56696,SoHo,21,BrandZ,2025-06-16
22722,Chicago,3,BrandY,2025-06-24
56649,San Jose,31,BrandY,2025-06-25
6898,Brooklyn,40,BrandY,2025-06-23
7012,San Jose,32,BrandZ,2025-06-21
10616,Brooklyn,2,BrandZ,2025-06-26
30612,San Jose,2,BrandY,2025-06-16
54571,Chicago,33,BrandX,2025-06-26
43332,San Jose,48,BrandZ,2025-06-28
47120,San Jose,26,BrandZ,2025-06-17
14508,SoHo,24,BrandX,2025-06-27
6129,San Jose,7,BrandX,2025-06-19
45595,SoHo,20,BrandX,2025-06-23
1591,Chicago,46,BrandY,2025-06-27
36735,Brooklyn,23,BrandZ,2025-06-27
49809,San Jose,2,BrandZ,2025-06-21
10403,Brooklyn,25,BrandY,2025-06-29
13985,SoHo,22,BrandY,2025-06-25
44424,San Jose,49,BrandY,2025-06-21
59123,Brooklyn,43,BrandX,2025-06-16
33304,Chicago,44,BrandX,2025-06-22
23917,Chicago,6,BrandX,2025-06-19
31281,San Jose,47,BrandZ,2025-06-22
40613,Chicago,16,BrandX,2025-06-17
5241,Chicago,42,BrandY,2025-06-18
23677,SoHo,19,BrandY,2025-06-22
57440,San Jose,37,BrandY,2025-06-20
41079,San Jose,23,BrandZ,2025-06-24
42010,Chicago,1,BrandY,2025-06-25
13131,SoHo,47,BrandY,2025-06-29
3797,San Jose,48,BrandX,2025-06-23
6991,SoHo,1,BrandX,2025-06-22
31238,Chicago,5,BrandY,2025-06-28
20144,Brooklyn,3,BrandY,2025-06-18
18994,SoHo,22,BrandX,2025-06-28
6854,San Jose,28,BrandX,2025-06-16
16497,San Jose,46,BrandY,2025-06-19
22284,SoHo,12,BrandY,2025-06-25
25909,Chicago,21,BrandZ,2025-06-19
19038,SoHo,30,BrandX,2025-06-22
9974,San Jose,10,BrandY,2025-06-20
5766,Chicago,34,BrandZ,2025-06-25
58720,San Jose,19,BrandY,2025-06-16
53051,Chicago,5,BrandX,2025-06-19
20785,Chicago,24,BrandZ,2025-06-17
8193,SoHo,28,BrandZ,2025-06-19
59895,Chicago,12,BrandY,2025-06-18
14580,Chicago,33,BrandX,2025-06-28
10022,Brooklyn,43,BrandX,2025-06-27
37166,Brooklyn,1,BrandX,2025-06-23
1876,San Jose,43,BrandX,2025-06-28
17967,Chicago,31,BrandY,2025-06-17
14723,SoHo,35,BrandZ,2025-06-16
7235,San Jose,8,BrandX,2025-06-25
45796,San Jose,26,BrandY,2025-06-17
40588,Brooklyn,41,BrandZ,2025-06-19
16900,San Jose,45,BrandZ,2025-06-28
53031,Chicago,36,BrandX,2025-06-20
22358,SoHo,36,BrandY,2025-06-20
36199,SoHo,24,BrandZ,2025-06-16
3493,Brooklyn,48,BrandY,2025-06-16
18714,Brooklyn,32,BrandZ,2025-06-29
46216,Chicago,37,BrandX,2025-06-22
25843,SoHo,23,BrandX,2025-06-18
44716,SoHo,30,BrandX,2025-06-16
16820,San Jose,20,BrandX,2025-06-21
52340,SoHo,19,BrandX,2025-06-19
6451,Chicago,41,BrandZ,2025-06-27
28525,SoHo,7,BrandY,2025-06-19
4499,Brooklyn,47,BrandX,2025-06-20
5186,Brooklyn,12,BrandX,2025-06-19
38288,Brooklyn,21,BrandX,2025-06-22
31593,Chicago,39,BrandX,2025-06-20
2371,San Jose,39,BrandY,2025-06-25
7605,SoHo,35,BrandZ,2025-06-28
34733,Brooklyn,11,BrandY,2025-06-27
9832,SoHo,10,BrandY,2025-06-27
16126,SoHo,38,BrandZ,2025-06-29
40751,SoHo,40,BrandY,2025-06-24
7454,San Jose,27,BrandY,2025-06-17
41734,SoHo,29,BrandX,2025-06-21
53394,Brooklyn,8,BrandX,2025-06-16
53432,San Jose,17,BrandZ,2025-06-22
39978,SoHo,45,BrandY,2025-06-27
44689,Brooklyn,19,BrandX,2025-06-27
8549,San Jose,39,BrandZ,2025-06-25
4968,San Jose,19,BrandZ,2025-06-29
11821,Brooklyn,45,BrandX,2025-06-17
47029,Chicago,20,BrandX,2025-06-24
2162,Brooklyn,1,BrandZ,2025-06-28
40107,Chicago,49,BrandX,2025-06-23
19120,SoHo,38,BrandX,2025-06-21
8200,San Jose,44,BrandX,2025-06-28
24415,SoHo,47,BrandX,2025-06-21
37803,SoHo,11,BrandX,2025-06-19
13215,Brooklyn,19,BrandX,2025-06-17
35651,Brooklyn,41,BrandX,2025-06-29
37975,Brooklyn,31,BrandX,2025-06-20
8004,San Jose,3,BrandZ,2025-06-24
13240,Brooklyn,12,BrandY,2025-06-23
2554,San Jose,12,BrandX,2025-06-23
15868,San Jose,28,BrandY,2025-06-23
29043,San Jose,28,BrandX,2025-06-24
59022,Chicago,27,BrandY,2025-06-16
3647,SoHo,33,BrandX,2025-06-19
24304,SoHo,28,BrandX,2025-06-28
6906,San Jose,35,BrandX,2025-06-21
28648,San Jose,5,BrandZ,2025-06-24
7416,San Jose,10,BrandY,2025-06-17
24362,Brooklyn,45,BrandX,2025-06-22
48490,Chicago,33,BrandY,2025-06-16
32427,San Jose,32,BrandZ,2025-06-16
57139,Brooklyn,21,BrandY,2025-06-24
57063,San Jose,27,BrandX,2025-06-28
19003,SoHo,34,BrandX,2025-06-18
34934,Brooklyn,1,BrandX,2025-06-22
3606,San Jose,28,BrandX,2025-06-20
39909,Brooklyn,5,BrandY,2025-06-18
14582,SoHo,23,BrandX,2025-06-20
6040,SoHo,10,BrandY,2025-06-18
45733,SoHo,21,BrandY,2025-06-24
39655,San Jose,1,BrandZ,2025-06-28
38612,SoHo,4,BrandY,2025-06-16
33699,SoHo,40,BrandY,2025-06-27
15745,Brooklyn,8,BrandZ,2025-06-25
34513,San Jose,34,BrandY,2025-06-21
49434,Brooklyn,12,BrandX,2025-06-21
3228,Chicago,5,BrandY,2025-06-29
10495,Brooklyn,17,BrandZ,2025-06-22
5955,Brooklyn,37,BrandX,2025-06-29
9542,San Jose,11,BrandZ,2025-06-22
43687,San Jose,34,BrandY,2025-06-17
31300,San Jose,18,BrandY,2025-06-26
25839,Brooklyn,34,BrandX,2025-06-21
59445,SoHo,24,BrandZ,2025-06-27
5901,San Jose,42,BrandZ,2025-06-16
28755,SoHo,29,BrandY,2025-06-23
18402,SoHo,10,BrandX,2025-06-27
23179,Chicago,24,BrandX,2025-06-17
33102,San Jose,2,BrandX,2025-06-29
20671,Brooklyn,43,BrandZ,2025-06-18
25406,Brooklyn,23,BrandZ,2025-06-26
4324,San Jose,16,BrandX,2025-06-18
19023,Chicago,3,BrandZ,2025-06-28
53406,Chicago,19,BrandX,2025-06-20
24027,San Jose,28,BrandY,2025-06-28
3021,San Jose,21,BrandY,2025-06-16
22124,SoHo,41,BrandY,2025-06-29
14519,San Jose,49,BrandY,2025-06-25
42750,SoHo,27,BrandX,2025-06-25
40148,SoHo,47,BrandX,2025-06-21
44775,Brooklyn,30,BrandZ,2025-06-28
5702,SoHo,26,BrandX,2025-06-23
15406,SoHo,35,BrandX,2025-06-19
48252,Brooklyn,47,BrandZ,2025-06-23
56718,San Jose,14,BrandY,2025-06-27
20307,Brooklyn,14,BrandY,2025-06-28
50145,San Jose,14,BrandZ,2025-06-23
53397,Brooklyn,7,BrandZ,2025-06-22
31451,San Jose,43,BrandZ,2025-06-27
33201,SoHo,18,BrandY,2025-06-21
52928,Brooklyn,15,BrandX,2025-06-22
40147,SoHo,28,BrandY,2025-06-22
22959,SoHo,17,BrandZ,2025-06-21
45757,San Jose,44,BrandX,2025-06-16
20156,SoHo,20,BrandX,2025-06-19
7351,San Jose,3,BrandX,2025-06-28
17250,San Jose,47,BrandZ,2025-06-21
52952,San Jose,47,BrandX,2025-06-27
6331,Brooklyn,42,BrandX,2025-06-20
4109,San Jose,26,BrandY,2025-06-26
31938,Chicago,45,BrandY,2025-06-20
5086,SoHo,33,BrandX,2025-06-21
37733,SoHo,6,BrandY,2025-06-22
7572,Chicago,4,BrandY,2025-06-26
8969,San Jose,30,BrandZ,2025-06-23
20334,Brooklyn,9,BrandZ,2025-06-18
5926,Brooklyn,31,BrandX,2025-06-19
51801,Chicago,31,BrandY,2025-06-17
49819,Chicago,28,BrandZ,2025-06-19
19426,Brooklyn,6,BrandY,2025-06-16
43921,San Jose,38,BrandZ,2025-06-29
12052,SoHo,2,BrandZ,2025-06-26
49470,Chicago,26,BrandZ,2025-06-28
16129,Chicago,5,BrandY,2025-06-25
58797,San Jose,4,BrandZ,2025-06-19
34862,SoHo,20,BrandX,2025-06-27
1545,Brooklyn,1,BrandY,2025-06-29
17680,Chicago,38,BrandX,2025-06-29
44444,Brooklyn,36,BrandX,2025-06-26
9229,Brooklyn,33,BrandY,2025-06-17
30319,Chicago,10,BrandX,2025-06-22
52885,San Jose,44,BrandY,2025-06-28
13449,Chicago,2,BrandX,2025-06-20
3262,SoHo,17,BrandX,2025-06-26
28711,Brooklyn,24,BrandY,2025-06-22
3454,Brooklyn,30,BrandZ,2025-06-16
30863,SoHo,44,BrandY,2025-06-29
11697,SoHo,11,BrandX,2025-06-17
5578,Chicago,35,BrandZ,2025-06-16
5869,Chicago,22,BrandX,2025-06-23
9827,Brooklyn,41,BrandX,2025-06-29
44287,Chicago,30,BrandZ,2025-06-20
53875,SoHo,5,BrandZ,2025-06-26
28695,San Jose,26,BrandY,2025-06-19
6664,SoHo,45,BrandY,2025-06-24
17826,San Jose,40,BrandZ,2025-06-23
24733,San Jose,32,BrandZ,2025-06-28
5811,San Jose,33,BrandZ,2025-06-16
25590,SoHo,17,BrandX,2025-06-22
44906,San Jose,14,BrandX,2025-06-23
56872,Chicago,39,BrandZ,2025-06-21
7209,San Jose,3,BrandZ,2025-06-18
52891,Chicago,42,BrandZ,2025-06-28
38932,SoHo,30,BrandZ,2025-06-26
33184,Chicago,29,BrandY,2025-06-24
20715,SoHo,37,BrandZ,2025-06-22
19108,SoHo,4,BrandY,2025-06-17
31016,San Jose,5,BrandZ,2025-06-25
10673,SoHo,38,BrandX,2025-06-19
4898,SoHo,24,BrandZ,2025-06-28
1546,Chicago,5,BrandX,2025-06-19
31685,Chicago,45,BrandY,2025-06-26
3877,Brooklyn,36,BrandY,2025-06-26
1988,Brooklyn,5,BrandZ,2025-06-29
8180,San Jose,40,BrandY,2025-06-21
27211,Chicago,23,BrandZ,2025-06-25
6254,San Jose,43,BrandY,2025-06-28
3300,Chicago,18,BrandX,2025-06-16
6222,Brooklyn,40,BrandZ,2025-06-27
6201,Chicago,36,BrandX,2025-06-23
8816,SoHo,8,BrandZ,2025-06-25
23189,SoHo,28,BrandZ,2025-06-25
4539,SoHo,29,BrandY,2025-06-23
39639,SoHo,22,BrandZ,2025-06-22
5879,SoHo,46,BrandX,2025-06-20
9766,San Jose,46,BrandY,2025-06-22
39738,SoHo,1,BrandZ,2025-06-21
22810,Brooklyn,40,BrandZ,2025-06-20
3790,Brooklyn,9,BrandX,2025-06-24
44915,San Jose,26,BrandX,2025-06-18
48083,Brooklyn,25,BrandY,2025-06-26
9702,San Jose,2,BrandZ,2025-06-17
11955,Brooklyn,34,BrandZ,2025-06-16
54129,Chicago,43,BrandZ,2025-06-27
17971,Brooklyn,24,BrandX,2025-06-22
3917,Chicago,6,BrandX,2025-06-23
5475,SoHo,49,BrandX,2025-06-26
30732,San Jose,26,BrandY,2025-06-20
39328,SoHo,7,BrandX,2025-06-19
24466,SoHo,49,BrandY,2025-06-21
19811,Chicago,40,BrandX,2025-06-22
59666,SoHo,32,BrandX,2025-06-29
33825,Brooklyn,19,BrandY,2025-06-29
39580,SoHo,49,BrandX,2025-06-28
9191,San Jose,16,BrandZ,2025-06-17
52372,SoHo,14,BrandZ,2025-06-17
47247,San Jose,28,BrandX,2025-06-17
48481,San Jose,38,BrandZ,2025-06-19
59931,SoHo,8,BrandX,2025-06-22
50713,Brooklyn,3,BrandY,2025-06-25
11950,Brooklyn,46,BrandY,2025-06-27
17023,SoHo,23,BrandZ,2025-06-27
46745,Chicago,7,BrandX,2025-06-23
53312,SoHo,3,BrandZ,2025-06-26
32590,Brooklyn,8,BrandY,2025-06-24
49373,Brooklyn,37,BrandZ,2025-06-18
31330,SoHo,28,BrandZ,2025-06-23
51444,San Jose,35,BrandY,2025-06-23
42997,San Jose,43,BrandX,2025-06-21
45403,SoHo,14,BrandZ,2025-06-22
34076,Chicago,18,BrandZ,2025-06-25
43371,Brooklyn,33,BrandZ,2025-06-20
9667,Brooklyn,48,BrandX,2025-06-18
12078,Chicago,29,BrandY,2025-06-17
34288,SoHo,47,BrandX,2025-06-19
17841,Brooklyn,42,BrandZ,2025-06-17
6104,Brooklyn,23,BrandZ,2025-06-27
18197,Chicago,5,BrandX,2025-06-21
41077,Chicago,30,BrandX,2025-06-17
3561,SoHo,44,BrandZ,2025-06-19
1809,San Jose,22,BrandX,2025-06-25
7307,San Jose,46,BrandZ,2025-06-16
39965,San Jose,17,BrandY,2025-06-24
22773,Chicago,2,BrandX,2025-06-24
51334,Brooklyn,9,BrandY,2025-06-21
7677,Brooklyn,46,BrandY,2025-06-25
33020,SoHo,45,BrandY,2025-06-22
19846,SoHo,11,BrandY,2025-06-17
38766,Chicago,21,BrandY,2025-06-19
41873,SoHo,38,BrandY,2025-06-16
24539,SoHo,25,BrandY,2025-06-25
5771,Chicago,23,BrandX,2025-06-25
57518,San Jose,21,BrandZ,2025-06-24
2841,Brooklyn,6,BrandZ,2025-06-23
59021,San Jose,12,BrandX,2025-06-24
20666,SoHo,7,BrandY,2025-06-28
28925,SoHo,26,BrandX,2025-06-27
7688,San Jose,46,BrandY,2025-06-27
13650,San Jose,43,BrandX,2025-06-18
34829,SoHo,36,BrandZ,2025-06-25
3427,SoHo,21,BrandZ,2025-06-23
24191,Brooklyn,36,BrandX,2025-06-26
54544,Brooklyn,40,BrandZ,2025-06-21
38940,San Jose,47,BrandY,2025-06-21
35788,SoHo,33,BrandY,2025-06-19
9562,Brooklyn,20,BrandZ,2025-06-18
7138,Chicago,43,BrandX,2025-06-29
15339,Brooklyn,45,BrandZ,2025-06-17
24098,SoHo,26,BrandY,2025-06-20
3938,SoHo,9,BrandX,2025-06-16
32276,SoHo,43,BrandY,2025-06-24
11894,Brooklyn,35,BrandZ,2025-06-17
29044,SoHo,44,BrandZ,2025-06-29
24054,San Jose,34,BrandZ,2025-06-20
19123,Chicago,49,BrandX,2025-06-16
21741,San Jose,49,BrandZ,2025-06-27
7340,San Jose,16,BrandZ,2025-06-23
23854,Brooklyn,21,BrandX,2025-06-22
16122,SoHo,16,BrandY,2025-06-23
19634,SoHo,18,BrandX,2025-06-27
22771,Brooklyn,26,BrandX,2025-06-28
12823,San Jose,47,BrandY,2025-06-22
56701,SoHo,23,BrandY,2025-06-20
20942,San Jose,7,BrandY,2025-06-20
9132,Brooklyn,9,BrandZ,2025-06-23
42131,San Jose,23,BrandX,2025-06-17
15700,Brooklyn,30,BrandZ,2025-06-18
10741,San Jose,42,BrandZ,2025-06-16
34391,San Jose,31,BrandZ,2025-06-27
40294,Chicago,45,BrandY,2025-06-18
22467,SoHo,43,BrandY,2025-06-22
4226,Brooklyn,44,BrandZ,2025-06-23
3879,SoHo,4,BrandX,2025-06-21
22019,SoHo,13,BrandY,2025-06-16
9691,Chicago,45,BrandY,2025-06-27
3655,San Jose,2,BrandZ,2025-06-18
13352,San Jose,34,BrandY,2025-06-26
44921,Brooklyn,13,BrandX,2025-06-17
23178,Chicago,32,BrandZ,2025-06-26
43539,Brooklyn,46,BrandX,2025-06-29
24776,SoHo,29,BrandY,2025-06-20
32634,Chicago,16,BrandZ,2025-06-24
3629,San Jose,30,BrandX,2025-06-22
6237,Chicago,5,BrandX,2025-06-29
3672,SoHo,3,BrandX,2025-06-29
24505,Chicago,30,BrandY,2025-06-19
39113,San Jose,37,BrandX,2025-06-16
8284,SoHo,46,BrandZ,2025-06-24
41839,Brooklyn,49,BrandX,2025-06-23
43307,Chicago,12,BrandZ,2025-06-25
3566,SoHo,37,BrandZ,2025-06-27
35666,San Jose,39,BrandZ,2025-06-29
19815,Chicago,11,BrandY,2025-06-28
12230,San Jose,25,BrandZ,2025-06-19
18552,Chicago,8,BrandX,2025-06-21
42585,SoHo,45,BrandY,2025-06-25
1548,Brooklyn,34,BrandX,2025-06-25
19866,SoHo,49,BrandY,2025-06-18
5724,Chicago,6,BrandX,2025-06-20
12890,San Jose,47,BrandZ,2025-06-16
9835,SoHo,35,BrandY,2025-06-16
40629,SoHo,42,BrandZ,2025-06-17
42122,San Jose,17,BrandZ,2025-06-18
19337,San Jose,13,BrandX,2025-06-24
56679,SoHo,4,BrandY,2025-06-20
28353,San Jose,11,BrandX,2025-06-23
28750,Brooklyn,28,BrandX,2025-06-24
16204,Brooklyn,25,BrandY,2025-06-27
2133,San Jose,9,BrandZ,2025-06-23
43960,SoHo,5,BrandZ,2025-06-26
27867,San Jose,24,BrandZ,2025-06-21
48241,Chicago,5,BrandY,2025-06-17
2099,San Jose,37,BrandX,2025-06-27
9339,SoHo,13,BrandX,2025-06-17
44582,Chicago,45,BrandY,2025-06-28
21915,Brooklyn,3,BrandY,2025-06-23
23859,Brooklyn,13,BrandX,2025-06-16
19398,San Jose,24,BrandZ,2025-06-23
13747,Chicago,33,BrandZ,2025-06-26
14511,Chicago,41,BrandX,2025-06-26
5392,SoHo,25,BrandX,2025-06-25
5387,Chicago,27,BrandY,2025-06-27
55785,Brooklyn,5,BrandZ,2025-06-28
37610,San Jose,31,BrandZ,2025-06-25
41730,San Jose,32,BrandZ,2025-06-20
12977,San Jose,39,BrandZ,2025-06-17
28681,Chicago,2,BrandY,2025-06-28
19335,SoHo,12,BrandZ,2025-06-17
15061,Chicago,13,BrandY,2025-06-26
5180,SoHo,41,BrandX,2025-06-23
26526,Brooklyn,34,BrandX,2025-06-18
34404,Chicago,6,BrandZ,2025-06-29
23976,Brooklyn,10,BrandX,2025-06-17
3916,Brooklyn,28,BrandZ,2025-06-29
34069,SoHo,29,BrandY,2025-06-19
12138,Chicago,32,BrandY,2025-06-19
17016,Brooklyn,17,BrandY,2025-06-16
6890,San Jose,1,BrandY,2025-06-25
50755,Chicago,18,BrandY,2025-06-29
13979,Chicago,47,BrandX,2025-06-27
22857,Chicago,35,BrandX,2025-06-27
41771,Brooklyn,29,BrandZ,2025-06-16
14093,San Jose,47,BrandZ,2025-06-18
5835,Brooklyn,23,BrandY,2025-06-17
41586,San Jose,34,BrandX,2025-06-19
57484,SoHo,35,BrandX,2025-06-24
21451,Brooklyn,15,BrandZ,2025-06-28
38765,SoHo,11,BrandY,2025-06-29
48102,Chicago,22,BrandZ,2025-06-26
50899,Brooklyn,17,BrandY,2025-06-27
24061,Chicago,28,BrandX,2025-06-20
19789,Brooklyn,16,BrandX,2025-06-26
38563,Chicago,6,BrandZ,2025-06-24
42543,SoHo,3,BrandZ,2025-06-16
7143,San Jose,38,BrandZ,2025-06-17
5361,SoHo,35,BrandX,2025-06-24
32383,Chicago,12,BrandY,2025-06-27
43379,Chicago,27,BrandY,2025-06-24
10747,SoHo,29,BrandX,2025-06-23
21873,Brooklyn,27,BrandY,2025-06-17
22571,Chicago,7,BrandZ,2025-06-28
14876,Chicago,44,BrandX,2025-06-23
13738,Chicago,3,BrandY,2025-06-24
47080,San Jose,14,BrandZ,2025-06-16
35707,San Jose,44,BrandX,2025-06-21
51756,Chicago,22,BrandY,2025-06-20
26806,SoHo,2,BrandZ,2025-06-28
27212,SoHo,8,BrandX,2025-06-17
20004,San Jose,18,BrandY,2025-06-21
45534,Chicago,11,BrandX,2025-06-24
2010,SoHo,38,BrandX,2025-06-23
13835,Brooklyn,22,BrandZ,2025-06-23
7815,SoHo,17,BrandX,2025-06-29
28806,Chicago,15,BrandY,2025-06-21
4653,Chicago,20,BrandX,2025-06-25
33328,Chicago,32,BrandY,2025-06-27
6817,SoHo,2,BrandX,2025-06-16
28614,SoHo,13,BrandY,2025-06-16
22139,SoHo,26,BrandY,2025-06-22
20201,San Jose,38,BrandZ,2025-06-25
3476,San Jose,15,BrandY,2025-06-25
57161,Brooklyn,44,BrandX,2025-06-23
17836,Brooklyn,3,BrandZ,2025-06-21
4921,SoHo,6,BrandX,2025-06-22
23863,Brooklyn,32,BrandX,2025-06-17
53000,Chicago,8,BrandY,2025-06-27
5666,San Jose,20,BrandY,2025-06-26
22190,Brooklyn,7,BrandZ,2025-06-19
5755,Chicago,4,BrandY,2025-06-25
41315,San Jose,26,BrandZ,2025-06-18
59982,Brooklyn,41,BrandY,2025-06-29
12346,Brooklyn,18,BrandY,2025-06-27
32841,Brooklyn,12,BrandX,2025-06-24
18758,SoHo,19,BrandZ,2025-06-29
14944,Chicago,45,BrandX,2025-06-22
12513,SoHo,32,BrandZ,2025-06-27
40949,San Jose,6,BrandY,2025-06-18
43074,San Jose,37,BrandX,2025-06-26
6477,Brooklyn,28,BrandY,2025-06-18
43313,Brooklyn,29,BrandY,2025-06-16
15324,Brooklyn,12,BrandX,2025-06-29
55624,SoHo,31,BrandY,2025-06-28
25570,Chicago,20,BrandX,2025-06-19
47087,Chicago,44,BrandY,2025-06-19
37280,Chicago,24,BrandY,2025-06-16
25520,Brooklyn,32,BrandX,2025-06-19
24551,San Jose,34,BrandY,2025-06-17
40146,Chicago,6,BrandZ,2025-06-25
28874,Brooklyn,12,BrandZ,2025-06-28
56692,San Jose,40,BrandX,2025-06-16
36208,Brooklyn,26,BrandY,2025-06-22
8737,San Jose,44,BrandY,2025-06-29
19515,San Jose,37,BrandX,2025-06-21
28323,SoHo,41,BrandY,2025-06-21
11114,Chicago,47,BrandY,2025-06-23
54951,Brooklyn,25,BrandY,2025-06-22
19540,San Jose,17,BrandZ,2025-06-24
31363,SoHo,28,BrandY,2025-06-18
24481,SoHo,5,BrandZ,2025-06-16
20261,Chicago,12,BrandX,2025-06-22
3607,Brooklyn,31,BrandZ,2025-06-25
58676,Brooklyn,14,BrandY,2025-06-28
19535,San Jose,12,BrandY,2025-06-24
10155,SoHo,5,BrandZ,2025-06-27
10453,SoHo,20,BrandX,2025-06-26
14716,SoHo,47,BrandX,2025-06-27
33151,SoHo,49,BrandX,2025-06-23
19062,Chicago,28,BrandZ,2025-06-21
42015,Chicago,20,BrandY,2025-06-29
38674,San Jose,9,BrandZ,2025-06-20
23141,Chicago,26,BrandX,2025-06-16
59625,Brooklyn,35,BrandY,2025-06-20
29564,SoHo,5,BrandX,2025-06-16
17937,Brooklyn,14,BrandY,2025-06-19
11092,SoHo,24,BrandZ,2025-06-26
52482,San Jose,34,BrandX,2025-06-17
39184,SoHo,39,BrandZ,2025-06-23
30871,Brooklyn,43,BrandY,2025-06-22
50337,Chicago,38,BrandZ,2025-06-29
7244,SoHo,16,BrandY,2025-06-25
24840,Chicago,8,BrandY,2025-06-20
1882,SoHo,8,BrandX,2025-06-21
3357,SoHo,47,BrandY,2025-06-17
7777,SoHo,26,BrandZ,2025-06-25
51489,San Jose,18,BrandX,2025-06-25
51060,Chicago,47,BrandX,2025-06-27
11303,Brooklyn,8,BrandX,2025-06-29
25420,Chicago,33,BrandX,2025-06-18
44578,Brooklyn,16,BrandY,2025-06-20
53392,Chicago,5,BrandX,2025-06-25
42509,San Jose,28,BrandY,2025-06-17
12698,Chicago,6,BrandZ,2025-06-24
7472,SoHo,41,BrandX,2025-06-28
9883,SoHo,13,BrandZ,2025-06-24
19057,Brooklyn,4,BrandY,2025-06-28
52079,San Jose,46,BrandY,2025-06-18
56410,San Jose,34,BrandY,2025-06-28
11524,SoHo,23,BrandZ,2025-06-28
6635,Brooklyn,1,BrandY,2025-06-21
31794,Brooklyn,25,BrandX,2025-06-16
48094,Chicago,7,BrandZ,2025-06-20
23051,Brooklyn,29,BrandX,2025-06-16
11472,SoHo,32,BrandX,2025-06-18
10078,Chicago,38,BrandY,2025-06-26
4638,Brooklyn,8,BrandY,2025-06-29
3694,San Jose,2,BrandY,2025-06-24
25592,Brooklyn,21,BrandY,2025-06-23
41681,Chicago,2,BrandY,2025-06-27
43920,SoHo,29,BrandY,2025-06-24
34444,Chicago,5,BrandY,2025-06-20
27917,Brooklyn,44,BrandZ,2025-06-26
32266,Chicago,23,BrandY,2025-06-29
44879,San Jose,44,BrandZ,2025-06-26
37712,SoHo,21,BrandZ,2025-06-26
6802,Brooklyn,16,BrandZ,2025-06-20
58661,Chicago,15,BrandX,2025-06-19
50164,Brooklyn,15,BrandX,2025-06-28
6564,San Jose,19,BrandY,2025-06-29
6633,SoHo,4,BrandX,2025-06-19
5780,San Jose,27,BrandX,2025-06-27
33081,Brooklyn,8,BrandY,2025-06-19
20142,San Jose,18,BrandY,2025-06-16
27554,SoHo,4,BrandY,2025-06-24
26310,San Jose,11,BrandZ,2025-06-27
42731,San Jose,39,BrandX,2025-06-22
42682,Brooklyn,49,BrandY,2025-06-28
30122,San Jose,36,BrandY,2025-06-22
34081,San Jose,1,BrandX,2025-06-25
24602,Brooklyn,13,BrandZ,2025-06-21
3447,San Jose,21,BrandY,2025-06-27
57893,SoHo,26,BrandX,2025-06-25
17817,Chicago,42,BrandX,2025-06-25
17193,Brooklyn,37,BrandY,2025-06-23
47474,Brooklyn,36,BrandZ,2025-06-25
5154,SoHo,18,BrandZ,2025-06-19
9051,San Jose,33,BrandZ,2025-06-17
19406,SoHo,47,BrandX,2025-06-18
7714,Chicago,34,BrandX,2025-06-22
9200,SoHo,17,BrandY,2025-06-20
29837,Brooklyn,35,BrandZ,2025-06-26
28951,San Jose,9,BrandY,2025-06-28
44231,SoHo,25,BrandY,2025-06-18
5019,Brooklyn,21,BrandY,2025-06-18
29052,San Jose,39,BrandX,2025-06-16
11607,Brooklyn,39,BrandY,2025-06-18
33652,Chicago,26,BrandY,2025-06-25
2965,Chicago,39,BrandX,2025-06-29
28908,Chicago,40,BrandX,2025-06-16
24462,Chicago,3,BrandX,2025-06-23
2822,SoHo,6,BrandX,2025-06-22
11951,Chicago,13,BrandX,2025-06-27
42025,San Jose,5,BrandZ,2025-06-20
25476,Chicago,38,BrandY,2025-06-18
44968,San Jose,44,BrandX,2025-06-25
45426,Brooklyn,22,BrandY,2025-06-17
35161,Brooklyn,44,BrandY,2025-06-21
34074,SoHo,35,BrandY,2025-06-22
22977,San Jose,8,BrandY,2025-06-27
6215,San Jose,36,BrandX,2025-06-28
7633,SoHo,31,BrandZ,2025-06-24
6208,Brooklyn,16,BrandY,2025-06-29
35418,San Jose,16,BrandX,2025-06-27
9266,Chicago,20,BrandZ,2025-06-29
30341,SoHo,23,BrandZ,2025-06-23
8205,San Jose,5,BrandX,2025-06-24
3863,San Jose,21,BrandY,2025-06-21
39167,San Jose,8,BrandZ,2025-06-16
11557,SoHo,16,BrandY,2025-06-19
33563,San Jose,14,BrandX,2025-06-22
8465,San Jose,45,BrandY,2025-06-24
59970,SoHo,2,BrandZ,2025-06-24
48371,SoHo,1,BrandZ,2025-06-18
23122,Chicago,23,BrandY,2025-06-19
1752,San Jose,6,BrandZ,2025-06-21
9619,Brooklyn,15,BrandY,2025-06-27
14541,SoHo,42,BrandZ,2025-06-16
7213,San Jose,38,BrandY,2025-06-28
1578,Brooklyn,30,BrandY,2025-06-29
3104,San Jose,6,BrandZ,2025-06-22
19904,Chicago,14,BrandX,2025-06-20
18856,Brooklyn,2,BrandZ,2025-06-17
42045,Brooklyn,18,BrandY,2025-06-19
8427,San Jose,10,BrandX,2025-06-17
34374,SoHo,33,BrandZ,2025-06-29
3327,SoHo,46,BrandY,2025-06-29
6341,SoHo,3,BrandZ,2025-06-24
9783,San Jose,25,BrandX,2025-06-20
20212,San Jose,8,BrandX,2025-06-17
55599,Chicago,25,BrandZ,2025-06-19
23815,SoHo,12,BrandX,2025-06-29
15508,Chicago,18,BrandX,2025-06-27
11125,Brooklyn,6,BrandX,2025-06-26
49930,San Jose,2,BrandZ,2025-06-18
3992,Brooklyn,5,BrandZ,2025-06-17
2831,San Jose,25,BrandY,2025-06-29
34749,Brooklyn,31,BrandZ,2025-06-24
28528,Brooklyn,19,BrandX,2025-06-18
22741,SoHo,9,BrandY,2025-06-29
17189,Brooklyn,7,BrandX,2025-06-19
12989,Chicago,39,BrandX,2025-06-20
40604,Brooklyn,29,BrandY,2025-06-22
22849,San Jose,37,BrandZ,2025-06-29
2012,Chicago,35,BrandZ,2025-06-26
17977,Chicago,22,BrandY,2025-06-22
52394,SoHo,22,BrandX,2025-06-29
22719,Brooklyn,2,BrandY,2025-06-26
26615,SoHo,38,BrandZ,2025-06-20
3258,San Jose,23,BrandY,2025-06-23
53036,Brooklyn,5,BrandX,2025-06-28
31543,SoHo,26,BrandY,2025-06-28
16970,SoHo,18,BrandX,2025-06-28
20308,Chicago,36,BrandX,2025-06-18
33106,SoHo,11,BrandZ,2025-06-20
26285,Chicago,26,BrandY,2025-06-19
5020,San Jose,48,BrandY,2025-06-23
33981,Brooklyn,41,BrandX,2025-06-19
11809,SoHo,38,BrandY,2025-06-20
44918,San Jose,13,BrandX,2025-06-24
22239,Chicago,17,BrandX,2025-06-24
44638,SoHo,2,BrandX,2025-06-16
26604,San Jose,40,BrandX,2025-06-27
21170,Brooklyn,34,BrandZ,2025-06-21
2707,Chicago,49,BrandZ,2025-06-16
9423,Chicago,23,BrandX,2025-06-18
3823,SoHo,32,BrandX,2025-06-22
2749,SoHo,8,BrandX,2025-06-23
34225,SoHo,23,BrandZ,2025-06-16
30606,SoHo,24,BrandZ,2025-06-23
5889,SoHo,5,BrandX,2025-06-23
46080,San Jose,31,BrandY,2025-06-19
16416,Brooklyn,15,BrandZ,2025-06-22
46607,Brooklyn,28,BrandZ,2025-06-26
7529,San Jose,5,BrandX,2025-06-29
4863,San Jose,32,BrandY,2025-06-21
16174,Brooklyn,32,BrandX,2025-06-23
11816,Chicago,40,BrandX,2025-06-24
3523,San Jose,15,BrandY,2025-06-18
52919,SoHo,36,BrandY,2025-06-19
46811,San Jose,41,BrandX,2025-06-24
3826,San Jose,10,BrandX,2025-06-19
8754,Chicago,27,BrandY,2025-06-21
57121,SoHo,32,BrandZ,2025-06-27
16827,San Jose,11,BrandY,2025-06-16
44220,Chicago,18,BrandZ,2025-06-24
24050,SoHo,40,BrandZ,2025-06-29
34912,Chicago,25,BrandY,2025-06-21
2967,Chicago,30,BrandX,2025-06-27
39203,Chicago,46,BrandX,2025-06-23
41486,SoHo,35,BrandY,2025-06-29
44858,Brooklyn,39,BrandX,2025-06-27
4994,SoHo,47,BrandY,2025-06-20
37936,SoHo,21,BrandY,2025-06-23
4439,San Jose,40,BrandY,2025-06-22
13455,Brooklyn,44,BrandZ,2025-06-21
35685,San Jose,43,BrandX,2025-06-21
34586,Chicago,29,BrandX,2025-06-17
52479,San Jose,29,BrandX,2025-06-19
22352,Brooklyn,31,BrandZ,2025-06-18
59132,Brooklyn,24,BrandX,2025-06-21
37804,Brooklyn,37,BrandX,2025-06-16
57157,Chicago,3,BrandZ,2025-06-21
57932,Brooklyn,23,BrandX,2025-06-29
24175,Brooklyn,44,BrandZ,2025-06-24
39963,Chicago,37,BrandZ,2025-06-23
19353,San Jose,16,BrandX,2025-06-27
16316,SoHo,3,BrandX,2025-06-19
38982,Chicago,35,BrandY,2025-06-17
36467,Brooklyn,25,BrandY,2025-06-20
39001,Chicago,46,BrandZ,2025-06-26
15721,Brooklyn,2,BrandX,2025-06-28
16054,SoHo,36,BrandY,2025-06-25
12090,San Jose,12,BrandX,2025-06-29
52106,San Jose,34,BrandX,2025-06-24
5683,Chicago,11,BrandZ,2025-06-22
50148,San Jose,19,BrandX,2025-06-25
1849,Chicago,47,BrandX,2025-06-19
15484,Chicago,10,BrandY,2025-06-18
9222,San Jose,37,BrandY,2025-06-20
5483,San Jose,40,BrandZ,2025-06-20
18639,San Jose,38,BrandY,2025-06-19
17757,Chicago,45,BrandX,2025-06-22
34020,Brooklyn,4,BrandX,2025-06-29
58158,Brooklyn,24,BrandX,2025-06-25
26638,Brooklyn,4,BrandY,2025-06-23
19852,San Jose,30,BrandY,2025-06-18
45400,Brooklyn,19,BrandX,2025-06-29
11817,Brooklyn,22,BrandX,2025-06-27
58326,San Jose,38,BrandX,2025-06-19
16136,Chicago,19,BrandX,2025-06-19
32591,San Jose,49,BrandZ,2025-06-16
17962,San Jose,49,BrandZ,2025-06-27
52980,Brooklyn,47,BrandZ,2025-06-24
19135,Chicago,45,BrandX,2025-06-16
7376,San Jose,4,BrandZ,2025-06-26
29172,Brooklyn,6,BrandZ,2025-06-29
9259,Chicago,11,BrandZ,2025-06-24
25967,San Jose,16,BrandX,2025-06-24
54533,Chicago,10,BrandY,2025-06-18
44880,SoHo,43,BrandX,2025-06-29
2605,San Jose,45,BrandY,2025-06-16
50850,Brooklyn,45,BrandZ,2025-06-20
40320,Brooklyn,42,BrandZ,2025-06-29
38575,San Jose,5,BrandX,2025-06-20
41959,Chicago,49,BrandX,2025-06-25
31696,Chicago,5,BrandY,2025-06-25
12893,Chicago,39,BrandZ,2025-06-17
16030,Brooklyn,1,BrandX,2025-06-19
23155,San Jose,41,BrandY,2025-06-29
50031,Chicago,44,BrandX,2025-06-19
30737,Chicago,25,BrandX,2025-06-29
35490,Chicago,44,BrandY,2025-06-29
14516,San Jose,28,BrandZ,2025-06-18
20016,Brooklyn,28,BrandY,2025-06-23
47529,San Jose,16,BrandY,2025-06-25
23939,SoHo,13,BrandY,2025-06-27
38768,SoHo,45,BrandZ,2025-06-19
30917,San Jose,43,BrandX,2025-06-20
48360,Chicago,33,BrandZ,2025-06-22
28603,San Jose,15,BrandY,2025-06-23
35446,Brooklyn,20,BrandZ,2025-06-22
23934,SoHo,42,BrandY,2025-06-27
29692,Chicago,14,BrandX,2025-06-20
14764,San Jose,21,BrandY,2025-06-20
47191,Brooklyn,23,BrandY,2025-06-20
35786,Chicago,49,BrandZ,2025-06-18
16404,SoHo,21,BrandX,2025-06-28
26300,SoHo,33,BrandY,2025-06-20
4357,Chicago,42,BrandX,2025-06-22
12001,San Jose,33,BrandX,2025-06-23
38794,SoHo,34,BrandY,2025-06-26
21225,SoHo,39,BrandY,2025-06-16
17675,SoHo,34,BrandY,2025-06-29
57173,San Jose,34,BrandX,2025-06-25
10406,SoHo,5,BrandY,2025-06-21
11465,Chicago,2,BrandY,2025-06-17
10428,Chicago,48,BrandZ,2025-06-28
13812,Brooklyn,22,BrandZ,2025-06-23
13045,San Jose,10,BrandZ,2025-06-18
8160,Brooklyn,49,BrandZ,2025-06-20
58001,Chicago,26,BrandZ,2025-06-19
34077,San Jose,22,BrandZ,2025-06-23
39136,Chicago,21,BrandZ,2025-06-21
10283,Chicago,28,BrandY,2025-06-26
20802,SoHo,41,BrandY,2025-06-27
54561,San Jose,49,BrandZ,2025-06-17
5478,SoHo,3,BrandX,2025-06-25
4240,Chicago,35,BrandY,2025-06-22
28660,Chicago,23,BrandX,2025-06-26
15352,San Jose,43,BrandZ,2025-06-20
57089,Brooklyn,11,BrandY,2025-06-23
48428,Chicago,28,BrandX,2025-06-19
56946,SoHo,21,BrandZ,2025-06-24
15497,Brooklyn,15,BrandY,2025-06-23
43318,San Jose,42,BrandY,2025-06-27
51505,San Jose,7,BrandZ,2025-06-28
27418,Brooklyn,27,BrandY,2025-06-26
13630,Chicago,38,BrandX,2025-06-27
30461,SoHo,8,BrandX,2025-06-27
43690,Chicago,43,BrandX,2025-06-19
6673,San Jose,6,BrandY,2025-06-21
53405,Brooklyn,32,BrandX,2025-06-27
42391,Brooklyn,46,BrandZ,2025-06-16
37528,Brooklyn,45,BrandZ,2025-06-20
26937,SoHo,30,BrandX,2025-06-17
16166,Chicago,28,BrandY,2025-06-25
36284,Brooklyn,27,BrandX,2025-06-24
18520,Brooklyn,33,BrandX,2025-06-19
16463,San Jose,26,BrandY,2025-06-29
26924,SoHo,35,BrandX,2025-06-27
17656,SoHo,9,BrandY,2025-06-17
31338,San Jose,19,BrandX,2025-06-26
53619,San Jose,47,BrandX,2025-06-20
26326,Chicago,34,BrandY,2025-06-18
28500,Chicago,28,BrandY,2025-06-25
30918,Chicago,21,BrandY,2025-06-29
16921,SoHo,21,BrandZ,2025-06-19
5005,San Jose,41,BrandZ,2025-06-17
4068,San Jose,11,BrandX,2025-06-22
11285,Chicago,22,BrandX,2025-06-20
34219,Chicago,11,BrandY,2025-06-26
38503,Brooklyn,33,BrandX,2025-06-17
19367,San Jose,35,BrandZ,2025-06-22
35450,San Jose,9,BrandX,2025-06-23
10281,Brooklyn,23,BrandZ,2025-06-18
41467,Chicago,25,BrandZ,2025-06-21
35430,Brooklyn,21,BrandZ,2025-06-24
5345,SoHo,46,BrandY,2025-06-19
7487,Chicago,17,BrandZ,2025-06-24
47027,Brooklyn,13,BrandZ,2025-06-17
2207,Brooklyn,33,BrandY,2025-06-26
26586,Brooklyn,23,BrandZ,2025-06-26
57505,San Jose,46,BrandY,2025-06-29
5043,Chicago,8,BrandY,2025-06-18
10818,Brooklyn,30,BrandZ,2025-06-29
56978,Brooklyn,20,BrandX,2025-06-24
44811,Chicago,24,BrandY,2025-06-25
16226,San Jose,23,BrandY,2025-06-24
27164,Brooklyn,46,BrandZ,2025-06-18
27105,San Jose,19,BrandX,2025-06-27
12812,Chicago,45,BrandZ,2025-06-29
33247,Brooklyn,9,BrandZ,2025-06-27
22135,Brooklyn,19,BrandZ,2025-06-19
49696,San Jose,38,BrandX,2025-06-28
13882,Chicago,40,BrandX,2025-06-29
35424,SoHo,33,BrandX,2025-06-29
4554,Brooklyn,35,BrandX,2025-06-26
16169,San Jose,30,BrandX,2025-06-19
26960,Brooklyn,4,BrandY,2025-06-24
42666,SoHo,46,BrandY,2025-06-24
51860,Chicago,16,BrandX,2025-06-29
35234,SoHo,48,BrandY,2025-06-27
12367,Brooklyn,11,BrandY,2025-06-17
26229,SoHo,21,BrandX,2025-06-19
39956,SoHo,3,BrandX,2025-06-20
20000,SoHo,9,BrandX,2025-06-24
7913,Chicago,35,BrandX,2025-06-17
2166,Chicago,32,BrandX,2025-06-23
24163,SoHo,23,BrandZ,2025-06-23
24104,Chicago,12,BrandY,2025-06-24
34832,Brooklyn,26,BrandX,2025-06-21
22896,Chicago,21,BrandZ,2025-06-21
32175,Chicago,29,BrandZ,2025-06-19
32832,Brooklyn,7,BrandY,2025-06-27
16984,SoHo,3,BrandY,2025-06-27
34369,San Jose,24,BrandY,2025-06-26
55645,Brooklyn,41,BrandX,2025-06-23
30611,Brooklyn,38,BrandY,2025-06-21
18756,SoHo,18,BrandX,2025-06-28
56691,Chicago,6,BrandY,2025-06-26
6023,Chicago,19,BrandY,2025-06-16
4050,SoHo,29,BrandX,2025-06-16
15495,Brooklyn,40,BrandY,2025-06-18
22330,Chicago,45,BrandX,2025-06-28
15197,SoHo,38,BrandX,2025-06-29
18897,SoHo,8,BrandZ,2025-06-19
47011,Chicago,33,BrandY,2025-06-22
33234,SoHo,49,BrandY,2025-06-25
17702,Brooklyn,41,BrandX,2025-06-23
1784,SoHo,49,BrandX,2025-06-16
58722,Chicago,21,BrandZ,2025-06-26
33096,Brooklyn,41,BrandZ,2025-06-28
4246,Chicago,11,BrandY,2025-06-18
30797,Brooklyn,13,BrandZ,2025-06-29
3987,SoHo,1,BrandZ,2025-06-27
8452,Chicago,8,BrandX,2025-06-20
34361,SoHo,12,BrandX,2025-06-16
2163,SoHo,26,BrandZ,2025-06-27
9710,San Jose,5,BrandX,2025-06-26
23975,San Jose,23,BrandY,2025-06-28
2155,Brooklyn,23,BrandX,2025-06-19
39895,San Jose,18,BrandY,2025-06-19
48435,San Jose,33,BrandZ,2025-06-19
10575,San Jose,37,BrandZ,2025-06-27
59973,Chicago,20,BrandX,2025-06-16
19352,Chicago,15,BrandX,2025-06-22
12541,San Jose,29,BrandX,2025-06-25
46400,San Jose,11,BrandX,2025-06-25
57132,San Jose,18,BrandZ,2025-06-21
28858,SoHo,39,BrandZ,2025-06-19
27295,San Jose,27,BrandX,2025-06-17
15690,SoHo,38,BrandZ,2025-06-29
39186,Chicago,2,BrandX,2025-06-24
56898,San Jose,12,BrandZ,2025-06-26
43044,SoHo,45,BrandZ,2025-06-25
20267,SoHo,21,BrandY,2025-06-16
19798,Brooklyn,31,BrandX,2025-06-22
2208,Chicago,38,BrandX,2025-06-21
13245,Brooklyn,18,BrandZ,2025-06-28
59399,Brooklyn,9,BrandX,2025-06-21
17662,San Jose,30,BrandY,2025-06-18
6434,Brooklyn,28,BrandZ,2025-06-24
52163,Brooklyn,23,BrandZ,2025-06-25
3695,Brooklyn,36,BrandX,2025-06-23
52476,Brooklyn,34,BrandX,2025-06-22
14352,Chicago,37,BrandX,2025-06-16
11966,Brooklyn,20,BrandZ,2025-06-28
56943,San Jose,18,BrandZ,2025-06-26
56866,Brooklyn,31,BrandZ,2025-06-29
9934,Brooklyn,49,BrandX,2025-06-21
10081,Chicago,5,BrandY,2025-06-19
14331,Chicago,12,BrandY,2025-06-16
18560,Brooklyn,4,BrandX,2025-06-28
24055,San Jose,5,BrandY,2025-06-23
58515,Chicago,3,BrandZ,2025-06-28
